{"cameraMode":{"drawMode":0,"name":"Shaded","section":"Shading Mode"},"sceneLighting":true,"audioPlay":false,"sceneViewState":{"m_AlwaysRefresh":false,"showFog":true,"showSkybox":true,"showFlares":true,"showImageEffects":true,"showParticleSystems":true,"showVisualEffectGraphs":true,"m_FxEnabled":true},"in2DMode":false,"pivot":{"x":-3.7634940147399904,"y":2.5767035484313967,"z":-9.158777236938477},"rotation":{"x":0.27280545234680178,"y":-0.005772705189883709,"z":0.0016383393667638302,"w":0.9620591402053833},"size":18.279870986938478,"orthographic":false}