{"cameraMode":{"drawMode":0,"name":"Shaded","section":"Shading Mode"},"sceneLighting":true,"audioPlay":false,"sceneViewState":{"m_AlwaysRefresh":false,"showFog":true,"showSkybox":true,"showFlares":true,"showImageEffects":true,"showParticleSystems":true,"showVisualEffectGraphs":true,"m_FxEnabled":true},"in2DMode":false,"pivot":{"x":-3.1249866485595705,"y":0.2586233913898468,"z":10.390166282653809},"rotation":{"x":0.2719633877277374,"y":-0.1240108534693718,"z":0.03537674620747566,"w":0.9536522030830383},"size":22.76271629333496,"orthographic":false}